SetID,WorkoutExerciseID,SetNumber,Repetitions,Weight,RIR
1,1,1,8,22.0,2
2,1,2,8,22.0,2
3,1,3,8,22.0,2
4,1,4,8,22.0,2
5,2,1,9,25.0,2
6,2,2,10,23.0,2
7,2,3,10,23.0,2
8,3,1,7,0.0,2
9,3,2,7,0.0,2
10,3,3,7,0.0,2
11,4,1,8,0.0,2
12,4,2,7,0.0,2
13,4,3,6,0.0,2
14,4,4,7,0.0,2
15,5,1,8,32.0,2
16,5,2,8,32.0,2
17,5,3,8,32.0,2
18,6,1,14,28.5,2
19,6,2,12,28.5,2
20,6,3,14,28.5,2
21,7,1,12,10.0,2
22,7,2,12,10.0,2
23,7,3,12,10.0,2
24,8,1,10,29.0,2
25,8,2,10,29.0,2
26,8,3,8,29.0,2
27,9,1,12,29.0,2
28,9,2,10,32.0,2
29,9,3,8,33.0,2
30,10,1,10,110.0,2
31,10,2,10,120.0,2
32,10,3,10,130.0,2
33,10,4,10,140.0,2
34,11,1,8,100.0,2
35,11,2,8,100.0,2
36,11,3,8,100.0,2
37,11,4,8,100.0,2
38,12,1,10,80.0,2
39,12,2,10,80.0,2
40,12,3,10,80.0,2
41,13,1,8,20.0,2
42,13,2,8,20.0,2
43,14,1,12,75.0,2
44,14,2,12,75.0,2
45,14,3,15,75.0,2
46,15,1,8,65.0,2
47,15,2,8,65.0,2
48,15,3,8,65.0,2
49,15,4,8,65.0,2
50,16,1,10,60.0,2
51,16,2,10,60.0,2
52,16,3,10,60.0,2
53,17,1,9,32.0,2
54,17,2,10,32.0,2
55,17,3,9,32.0,2
56,18,1,10,70.0,2
57,18,2,12,70.0,2
58,18,3,10,70.0,2
59,19,1,12,24.0,2
60,19,2,12,24.0,2
61,19,3,12,24.0,2
62,20,1,12,30.0,2
63,20,2,12,30.0,2
64,20,3,12,30.0,2
68,22,1,10,30.0,2
69,22,2,10,30.0,2
70,22,3,10,30.0,2
74,24,1,8,30.0,2
75,24,2,8,30.0,2
76,24,3,7,30.0,2
77,25,1,9,60.0,2
78,25,2,8,60.0,2
79,25,3,8,60.0,2
80,25,4,8,60.0,2
81,26,1,8,60.0,2
82,26,2,9,60.0,2
83,26,3,10,60.0,2
84,27,1,12,25.0,2
85,27,2,9,30.0,2
86,27,3,8,30.0,2
87,28,1,8,65.0,2
88,28,2,8,65.0,2
89,28,3,8,65.0,2
90,28,4,8,65.0,2
91,29,1,8,80.0,2
92,29,2,8,80.0,2
93,29,3,9,80.0,2
94,30,1,10,20.0,2
95,30,2,10,20.0,2
96,30,3,10,20.0,2
97,31,1,8,30.0,2
98,31,2,8,30.0,2
99,31,3,8,30.0,2
100,32,1,10,140.0,2
101,32,2,9,140.0,2
102,32,3,10,140.0,2
103,32,4,8,140.0,2
104,33,1,14,75.0,2
105,33,2,13,75.0,2
106,33,3,12,75.0,2
107,33,4,12,75.0,2
108,34,1,8,110.0,2
109,34,2,8,110.0,2
110,34,3,8,110.0,2
111,35,1,8,70.0,2
112,35,2,8,70.0,2
113,35,3,8,70.0,2
114,35,4,7,70.0,2
115,36,1,10,70.0,2
116,36,2,10,70.0,2
117,36,3,12,70.0,2
118,37,1,8,32.0,2
119,37,2,8,32.0,2
120,37,3,8,32.0,2
121,38,1,10,70.0,2
122,38,2,10,70.0,2
123,38,3,10,70.0,2
124,39,1,12,24.0,2
125,39,2,12,24.0,2
126,39,3,12,24.0,2
127,40,1,10,35.0,2
128,40,2,8,35.0,2
129,40,3,10,35.0,2
130,41,1,12,7.5,2
131,41,2,10,12.5,2
132,42,1,8,30.0,2
133,42,2,8,30.0,2
134,42,3,8,30.0,2
135,43,1,10,30.0,2
136,43,2,10,30.0,2
137,43,3,12,30.0,2
138,44,1,10,60.0,2
139,44,2,12,60.0,2
140,44,3,9,65.0,2
150,48,1,9,22.0,2
151,48,2,9,22.0,2
152,48,3,9,22.0,2
153,48,4,10,22.0,2
154,49,1,10,25.0,2
155,49,2,10,25.0,2
156,49,3,11,25.0,2
157,50,1,7,85.4,2
158,50,2,6,85.4,2
159,50,3,6,85.4,2
160,50,4,6,85.4,2
161,51,1,10,32.0,2
162,51,2,10,32.0,2
163,51,3,10,32.0,2
164,52,1,12,30.0,2
165,52,2,12,30.0,2
166,52,3,12,30.0,2
167,53,1,10,12.0,2
168,53,2,10,12.0,2
169,53,3,10,12.0,2
170,54,1,12,30.0,2
171,54,2,8,35.0,2
172,54,3,8,35.0,2
173,55,1,12,30.0,2
174,55,2,10,35.0,2
175,55,3,10,35.0,2
176,56,1,9,110.0,2
177,56,2,9,110.0,2
178,56,3,9,110.0,2
179,56,4,9,110.0,2
180,57,1,9,100.0,2
181,57,2,9,100.0,2
182,57,3,9,100.0,2
183,57,4,9,100.0,2
184,58,1,11,80.0,2
185,58,2,11,80.0,2
186,58,3,11,80.0,2
187,59,1,15,75.0,2
188,59,2,15,75.0,2
189,59,3,15,75.0,2
190,60,1,9,70.0,2
191,60,2,9,70.0,2
192,60,3,9,70.0,2
193,60,4,9,70.0,2
194,61,1,11,70.0,2
195,61,2,11,70.0,2
196,61,3,11,70.0,2
197,62,1,12,28.0,2
198,62,2,12,28.0,2
199,62,3,12,28.0,2
200,63,1,11,70.0,2
201,63,2,11,70.0,2
202,63,3,11,70.0,2
203,64,1,15,24.0,2
204,64,2,15,24.0,2
205,64,3,15,24.0,2
206,65,1,12,35.0,2
207,65,2,12,35.0,2
208,65,3,12,35.0,2
209,66,1,12,30.0,2
210,66,2,12,30.0,2
211,66,3,11,30.0,2
212,67,1,9,30.0,2
213,67,2,8,30.0,2
214,67,3,7,30.0,2
215,68,1,11,30.0,2
216,68,2,11,30.0,2
217,68,3,11,30.0,2
218,69,1,9,60.0,2
219,69,2,9,60.0,2
220,69,3,9,60.0,2
221,69,4,9,60.0,2
222,70,1,12,55.0,2
223,70,2,12,55.0,2
224,70,3,12,55.0,2
225,71,1,11,30.0,2
226,71,2,11,30.0,2
227,71,3,11,30.0,2
228,72,1,9,65.0,2
229,72,2,9,65.0,2
230,72,3,9,65.0,2
231,72,4,9,65.0,2
232,73,1,10,75.0,2
233,73,2,10,75.0,2
234,73,3,10,75.0,2
235,74,1,12,40.0,2
236,74,2,12,40.0,2
237,74,3,12,40.0,2
238,75,1,11,20.0,2
239,75,2,11,20.0,2
240,75,3,11,20.0,2
241,76,1,10,30.0,2
242,76,2,10,30.0,2
243,76,3,8,30.0,2
244,77,1,6,145.0,2
245,77,2,6,145.0,2
246,77,3,6,145.0,2
247,77,4,6,145.0,2
248,78,1,8,100.0,2
249,78,2,8,100.0,2
250,78,3,8,100.0,2
251,79,1,9,20.0,2
252,79,2,9,20.0,2
253,80,1,15,75.0,2
254,80,2,15,75.0,2
255,80,3,15,75.0,2
256,81,1,8,60.0,2
257,81,2,8,60.0,2
258,81,3,8,60.0,2
259,82,1,10,22.0,2
260,82,2,10,22.0,2
261,82,3,10,22.0,2
262,82,4,10,22.0,2
263,83,1,10,70.0,2
264,83,2,10,70.0,2
265,83,3,10,70.0,2
266,84,1,13,28.0,2
267,84,2,13,28.0,2
268,84,3,13,28.0,2
269,85,1,10,40.0,2
270,85,2,10,40.0,2
271,85,3,10,40.0,2
272,86,1,13,30.0,2
273,86,2,13,30.0,2
274,86,3,12,30.0,2
275,87,1,12,40.0,2
276,87,2,9,50.0,2
277,87,3,9,50.0,2
278,88,1,8,20.0,2
279,88,2,7,20.0,2
280,88,3,8,20.0,2
281,89,1,10,22.0,2
282,89,2,10,22.0,2
283,89,3,10,22.0,2
284,89,4,10,22.0,2
285,90,1,10,25.0,2
286,90,2,11,25.0,2
287,90,3,11,25.0,2
288,91,1,11,32.0,2
289,91,2,11,32.0,2
290,91,3,11,32.0,2
291,92,1,12,12.0,2
292,92,2,9,12.0,2
293,92,3,8,12.0,2
294,93,1,10,35.0,2
295,93,2,10,35.0,2
296,93,3,8,35.0,2
297,94,1,10,35.0,2
298,94,2,10,35.0,2
299,94,3,8,35.0,2
300,95,1,8,110.0,2
301,95,2,8,110.0,2
302,95,3,8,110.0,2
303,96,1,10,100.0,2
304,96,2,10,100.0,2
305,96,3,10,100.0,2
306,97,1,12,80.0,2
307,97,2,12,80.0,2
308,97,3,12,80.0,2
309,98,1,10,20.0,2
310,98,2,10,20.0,2
311,99,1,16,75.0,2
312,99,2,16,75.0,2
313,99,3,15,75.0,2
314,100,1,10,20.0,2
315,100,2,9,20.0,2
316,100,3,9,20.0,2
317,101,1,8,34.0,2
318,101,2,8,34.0,2
319,101,3,10,34.0,2
320,102,1,8,34.0,2
321,102,2,8,34.0,2
322,102,3,8,34.0,2
323,103,1,10,70.0,2
324,103,2,10,70.0,2
325,103,3,10,70.0,2
326,103,4,10,70.0,2
327,104,1,12,70.0,2
328,104,2,12,70.0,2
329,104,3,12,70.0,2
330,105,1,13,28.0,2
331,105,2,13,28.0,2
332,105,3,13,28.0,2
333,106,1,12,70.0,2
334,106,2,12,70.0,2
335,106,3,12,70.0,2
336,107,1,9,30.0,2
337,107,2,9,30.0,2
338,107,3,9,30.0,2
339,108,1,12,30.0,2
340,108,2,12,30.0,2
341,108,3,12,30.0,2
342,109,1,6,75.0,2
343,109,2,6,75.0,2
344,109,3,6,75.0,2
345,109,4,6,75.0,2
346,110,1,8,75.0,2
347,110,2,8,75.0,2
348,110,3,8,75.0,2
349,111,1,10,75.0,2
350,111,2,10,75.0,2
351,111,3,10,75.0,2
352,111,4,10,75.0,2
353,112,1,13,30.0,2
354,112,2,13,30.0,2
355,112,3,13,30.0,2
356,112,4,13,30.0,2
357,113,1,8,30.0,2
358,113,2,8,30.0,2
359,113,3,8,30.0,2
360,114,1,8,35.0,2
361,114,2,8,35.0,2
362,114,3,8,35.0,2
363,114,4,8,35.0,2
364,115,1,10,30.0,2
365,115,2,10,30.0,2
366,115,3,10,30.0,2
367,115,4,10,30.0,2
368,116,1,9,110.0,2
369,116,2,9,110.0,2
370,116,3,9,110.0,2
371,117,1,11,100.0,2
372,117,2,11,100.0,2
373,117,3,11,100.0,2
374,117,4,11,100.0,2
375,118,1,8,85.0,2
376,118,2,8,85.0,2
377,118,3,8,85.0,2
378,119,1,11,65.0,2
379,119,2,11,65.0,2
380,119,3,11,65.0,2
381,120,1,15,75.0,2
382,120,2,12,80.0,2
383,120,3,12,80.0,2
384,120,4,12,80.0,2
385,121,1,6,75.0,2
386,121,2,6,75.0,2
387,121,3,6,75.0,2
388,121,4,6,75.0,2
389,122,1,8,75.0,2
390,122,2,8,75.0,2
391,122,3,8,75.0,2
392,123,1,10,75.0,2
393,123,2,10,75.0,2
394,123,3,10,75.0,2
395,123,4,10,75.0,2
396,124,1,12,30.0,2
397,124,2,12,30.0,2
398,124,3,12,30.0,2
399,124,4,12,30.0,2
400,125,1,14,30.0,2
401,125,2,8,35.0,2
402,125,3,8,35.0,2
403,126,1,10,110.0,2
404,126,2,10,110.0,2
405,126,3,10,110.0,2
406,127,1,12,100.0,2
407,127,2,12,100.0,2
408,127,3,12,100.0,2
409,128,1,12,80.0,2
410,128,2,12,80.0,2
411,128,3,12,80.0,2
412,129,1,10,140.0,2
413,129,2,10,140.0,2
414,129,3,10,140.0,2
415,130,1,9,30.0,3
416,130,2,9,30.0,3
417,130,3,13,30.0,0
418,131,1,9,35.0,1
419,131,2,9,35.0,1
420,131,3,9,35.0,2
421,131,4,11,35.0,0
422,132,1,11,30.0,2
423,132,2,11,30.0,2
424,132,3,11,30.0,1
425,132,4,11,30.0,0
426,133,1,10,85.0,0
427,133,2,11,85.0,0
428,133,3,8,85.0,0
429,134,1,9,65.0,3
430,134,2,9,65.0,3
431,134,3,9,65.0,1
504,159,1,9,75.0,0
505,159,2,10,75.0,0
506,159,3,10,75.0,0
507,160,1,10,11.0,2
508,160,2,10,11.0,1
509,160,3,9,11.0,0
510,161,1,10,66.0,2
511,161,2,10,66.0,1
512,161,3,8,66.0,0
513,162,1,13,21.0,1
514,162,2,13,21.0,1
515,162,3,13,21.0,0
516,163,1,7,40.0,0
517,163,2,9,40.0,0
518,163,3,9,40.0,0
519,164,1,11,30.0,1
520,164,2,10,30.0,0
521,164,3,10,30.0,0
522,165,1,8,30.0,1
523,165,2,8,30.0,0
524,165,3,8,30.0,0
525,166,1,8,20.0,0
526,166,2,7,20.0,0
527,166,3,7,20.0,0
528,167,1,8,24.0,2
529,167,2,8,24.0,1
530,167,3,8,24.0,0
531,168,1,8,120.0,1
532,168,2,8,120.0,1
533,168,3,8,120.0,0
534,169,1,10,100.0,2
535,169,2,10,100.0,1
536,169,3,11,100.0,0
537,170,1,8,100.0,1
538,170,2,8,100.0,1
539,170,3,8,90.0,0
540,171,1,11,140.0,2
541,171,2,12,140.0,1
542,171,3,11,140.0,0
543,172,1,12,26.0,4
544,172,2,17,26.0,2
545,172,3,14,30.0,0
546,173,1,8,140.0,3
547,173,2,10,140.0,1
548,173,3,10,140.0,0
549,174,1,10,100.0,3
550,174,2,10,100.0,2
551,174,3,15,100.0,0
552,175,1,8,60.0,2
553,175,2,8,60.0,2
554,175,3,10,60.0,0
555,176,1,9,75.0,3
556,176,2,10,75.0,1
557,176,3,10,75.0,0
558,177,1,8,100.0,3
559,177,2,10,100.0,2
560,177,3,10,100.0,1
561,178,1,12,80.0,3
562,178,2,12,80.0,2
563,178,3,14,80.0,1
564,179,1,8,65.0,2
565,179,2,8,65.0,2
566,179,3,8,65.0,1
567,180,1,10,25.0,3
568,180,2,10,25.0,2
569,180,3,11,25.0,0
570,181,1,10,70.0,3
571,181,2,8,70.0,2
572,181,3,9,70.0,0
573,182,1,12,32.0,2
574,182,2,10,32.0,0
575,183,1,12,10.0,2
576,183,2,12,10.0,1
577,184,1,8,30.0,2
578,184,2,7,30.0,0
579,184,3,8,30.0,0
580,185,1,10,30.0,2
581,185,2,10,30.0,1
582,185,3,7,30.0,0
583,186,1,8,80.0,4
584,186,2,9,90.0,2
585,186,3,10,90.0,1
586,187,1,10,100.0,2
587,187,2,10,100.0,2
588,187,3,10,100.0,1
589,188,1,11,60.0,3
590,188,2,10,65.0,2
591,188,3,8,65.0,0
592,189,1,9,141.0,3
593,189,2,10,141.0,2
594,189,3,12,157.0,0
595,190,1,7,75.0,2
596,190,2,7,75.0,1
597,190,3,6,75.0,1
598,191,1,9,75.0,3
599,191,2,9,75.0,2
600,191,3,12,75.0,0
601,192,1,11,75.0,2
602,192,2,11,75.0,1
603,192,3,12,75.0,0
604,193,1,10,35.0,2
605,193,2,10,35.0,2
606,193,3,10,35.0,0
607,194,1,9,30.0,3
608,194,2,10,30.0,3
609,194,3,15,30.0,0
610,195,1,8,35.0,3
611,195,2,8,35.0,2
612,195,3,8,35.0,0
613,196,1,8,35.0,1
614,196,2,7,35.0,1
615,196,3,7,35.0,0
616,197,1,8,70.0,2
617,197,2,8,70.0,1
618,197,3,8,70.0,0
619,198,1,10,77.0,2
620,198,2,8,77.0,1
621,198,3,10,77.0,0
622,199,1,8,30.0,2
623,199,2,8,30.0,1
624,200,1,12,28.0,3
625,200,2,12,30.0,1
626,200,3,12,30.0,0
627,201,1,9,60.0,2
628,201,2,9,60.0,2
629,201,3,10,60.0,0
630,202,1,10,28.0,3
631,202,2,11,28.0,2
632,202,3,11,28.0,2
633,203,1,8,75.0,1
634,203,2,9,75.0,0
635,203,3,9,75.0,0
636,204,1,10,22.0,1
637,204,2,10,22.0,1
638,204,3,11,22.0,0
639,205,1,8,20.0,2
640,205,2,8,20.0,1
641,205,3,7,20.0,0
642,206,1,9,40.0,1
643,206,2,8,40.0,1
644,206,3,11,40.0,0
645,207,1,11,35.0,1
646,207,2,10,35.0,0
647,207,3,10,35.0,0
648,208,1,5,35.0,0
649,208,2,7,30.0,0
650,208,3,7,30.0,0
651,209,1,7,75.0,0
652,209,2,8,75.0,0
653,209,3,8,75.0,0
654,210,1,10,80.0,4
655,210,2,6,100.0,2
656,210,3,8,90.0,2
657,211,1,10,100.0,2
658,211,2,10,100.0,1
659,211,3,10,100.0,1
660,212,1,10,95.0,3
661,212,2,7,120.0,1
662,212,3,8,120.0,0
663,213,1,8,100.0,2
664,213,2,8,100.0,1
665,213,3,8,10.0,0
666,214,1,13,85.0,1
667,214,2,12,85.0,1
668,214,3,12,85.0,0
669,215,1,8,120.0,4
670,215,2,8,145.0,2
671,215,3,10,145.0,1
672,216,1,8,75.0,1
673,216,2,9,75.0,0
674,216,3,8,75.0,0
675,217,1,10,22.0,2
676,217,2,9,22.0,1
677,217,3,10,22.0,0
678,218,1,15,24.0,5
679,218,2,12,36.0,2
680,218,3,10,36.0,0
681,219,1,8,12.0,1
682,219,2,8,12.0,1
683,219,3,7,12.0,0
684,220,1,9,40.0,2
685,220,2,9,40.0,1
686,220,3,9,40.0,0
687,221,1,10,25.0,2
688,221,2,10,25.0,1
689,221,3,8,25.0,0
690,222,1,12,25.0,3
691,222,2,9,30.0,1
692,222,3,9,30.0,0
693,223,1,12,27.5,1
694,223,2,11,27.5,0
695,223,3,7,27.5,0
696,224,1,10,27.5,1
697,224,2,10,27.5,0
698,224,3,10,27.5,0
699,225,1,7,75.0,1
700,225,2,7,75.0,1
701,225,3,8,75.0,0
702,226,1,8,79.0,2
703,226,2,8,79.0,1
704,226,3,7,79.0,0
705,227,1,8,77.0,2
706,227,2,8,77.0,2
707,227,3,9,77.0,0
708,228,1,12,30.0,3
709,228,2,12,30.0,2
710,228,3,14,30.0,0
711,229,1,10,30.0,3
712,229,2,10,30.0,2
713,229,3,11,35.0,0
714,230,1,10,30.0,2
715,230,2,8,30.0,1
716,230,3,9,30.0,0
717,231,1,10,23.0,2
718,231,2,11,23.0,1
719,231,3,9,23.0,0
720,232,1,10,66.0,1
721,232,2,10,66.0,1
722,232,3,11,66.0,0
723,233,1,11,52.0,1
724,233,2,11,52.0,1
725,233,3,12,52.0,0
726,234,1,8,34.0,1
727,234,2,8,34.0,1
728,234,3,9,34.0,0
729,235,1,10,10.0,2
730,235,2,10,10.0,1
731,235,3,10,10.0,1
732,236,1,10,27.0,2
733,236,2,10,27.0,1
734,236,3,9,27.0,1
735,237,1,10,27.0,1
736,237,2,10,27.0,1
737,237,3,10,27.0,0
738,238,1,8,155.0,2
739,238,2,8,155.0,1
740,238,3,9,155.0,1
741,239,1,9,120.0,1
742,239,2,9,120.0,1
743,239,3,9,120.0,0
744,240,1,11,110.0,2
745,240,2,11,110.0,1
746,240,3,12,110.0,0
747,241,1,9,110.0,1
748,241,2,9,110.0,1
749,241,3,9,110.0,0
750,242,1,10,85.0,2
751,242,2,14,85.0,1
752,242,3,13,85.0,0
753,243,1,6,60.0,3
754,243,2,5,70.0,2
755,243,3,5,70.0,1
756,244,1,7,88.1,1
757,244,2,7,88.1,1
758,244,3,7,88.1,1
759,245,1,10,60.0,2
760,245,2,6,70.0,3
761,245,3,6,80.0,1
762,246,1,8,70.0,1
763,246,2,8,70.0,1
764,247,1,12,27.0,0
765,247,2,12,27.0,0
766,247,3,12,27.0,0
767,248,1,8,20.0,2
768,248,2,8,20.0,1
769,248,3,8,20.0,1
770,249,1,10,25.0,1
771,249,2,10,25.0,1
772,250,1,12,25.0,2
773,250,2,12,27.0,1
774,251,1,8,14.0,2
775,251,2,8,14.0,1
776,251,3,8,14.0,1
777,252,1,10,16.0,2
778,252,2,10,16.0,1
779,253,1,7,80.0,0
780,253,2,8,80.0,0
781,253,3,7,80.0,0
782,254,1,10,22.0,2
783,254,2,10,22.0,1
784,254,3,10,22.0,0
785,255,1,9,79.0,2
786,255,2,9,79.0,1
787,255,3,10,79.0,0
788,256,1,10,31.0,3
789,256,2,11,31.0,2
790,256,3,12,31.0,1
791,257,1,10,40.0,2
792,257,2,10,40.0,2
793,257,3,11,40.0,1
794,258,1,9,33.0,2
795,258,2,9,34.5,1
796,258,3,8,34.5,0
797,259,1,7,22.0,1
798,259,2,9,20.0,1
799,259,3,8,20.0,0
800,260,1,9,31.0,0
801,260,2,8,31.0,0
802,260,3,8,31.0,0
803,261,1,10,80.0,3
804,261,2,11,80.0,2
805,261,3,11,80.0,1
806,262,1,15,10.0,2
807,262,2,15,10.0,1
808,262,3,15,10.0,1
809,263,1,6,40.0,3
810,263,2,5,50.0,2
811,264,1,6,80.0,2
812,264,2,7,80.0,1
813,264,3,7,80.0,1
814,265,1,10,50.0,2
815,265,2,8,60.0,1
816,266,1,7,60.0,2
817,266,2,9,60.0,1
818,267,1,8,22.0,2
819,267,2,9,22.0,1
820,267,3,9,22.0,1
821,268,1,8,16.0,2
822,268,2,9,16.0,1
823,269,1,6,90.0,3
824,269,2,6,95.0,2
825,269,3,6,95.0,2
826,269,4,6,100.0,1
827,270,1,10,100.0,3
828,270,2,8,120.0,1
829,270,3,10,120.0,1
830,271,1,10,50.0,2
831,271,2,10,60.0,1
832,271,3,10,60.0,1
833,272,1,9,120.0,1
834,272,2,9,120.0,1
835,273,1,12,63.0,2
836,273,2,12,63.0,1
837,273,3,13,63.0,1
838,274,1,15,130.0,3
839,274,2,15,140.0,2
840,274,3,15,140.0,1
841,275,1,6,65.0,3
842,275,2,5,70.0,2
843,275,3,5,70.0,2
844,276,1,6,80.0,3
845,276,2,5,85.0,2
846,276,3,6,85.0,2
847,277,1,8,22.0,2
848,277,2,9,22.0,1
849,277,3,8,22.0,1
850,278,1,7,90.0,2
851,278,2,5,90.0,1
852,278,3,7,90.0,1
853,279,1,8,70.0,2
854,279,2,9,70.0,1
855,280,1,13,30.0,1
856,280,2,15,30.0,0
857,280,3,15,30.0,0
858,281,1,14,10.0,1
859,281,2,15,10.0,0
860,282,1,6,88.5,3
861,282,2,6,88.5,2
862,282,3,6,88.5,2
863,283,1,6,50.0,3
864,283,2,6,55.0,2
865,284,1,6,80.0,3
866,284,2,4,85.0,2
867,284,3,6,85.0,0
868,285,1,9,22.0,2
869,285,2,10,22.0,1
870,285,3,10,22.0,1
871,286,1,8,60.0,2
872,286,2,9,60.0,1
873,287,1,9,80.0,2
874,287,2,10,80.0,1
875,287,3,11,80.0,0
876,288,1,6,60.0,1
877,288,2,7,60.0,1
878,289,1,12,12.0,1
879,289,2,13,12.0,0
880,290,1,11,14.0,1
881,290,2,12,14.0,0
882,291,1,6,90.0,3
883,291,2,6,95.0,2
884,291,3,6,100.0,2
885,291,4,9,100.0,1
886,292,1,7,70.0,2
887,292,2,10,80.0,1
888,292,3,12,80.0,1
889,293,1,10,120.0,2
890,293,2,10,120.0,2
891,293,3,10,120.0,2
892,294,1,6,140.0,1
893,294,2,6,140.0,0
894,295,1,13,80.0,3
895,295,2,15,80.0,2
896,295,3,15,80.0,1
897,296,1,10,65.0,2
898,296,2,10,65.0,1
899,296,3,10,65.0,1
900,297,1,6,70.0,3
901,297,2,6,70.0,2
902,297,3,6,70.0,2
903,298,1,6,85.0,3
904,298,2,6,85.0,2
905,298,3,6,85.0,2
906,299,1,9,22.0,2
907,299,2,10,22.0,1
908,299,3,10,22.0,1
909,300,1,8,89.5,1
910,300,2,7,89.5,1
911,300,3,7,89.5,1
912,301,1,9,70.0,1
913,301,2,10,70.0,0
914,302,1,12,35.0,1
915,302,2,12,35.0,0
916,302,3,12,35.0,0
917,303,1,9,30.0,2
918,303,2,10,30.0,1
919,304,1,12,30.0,2
920,304,2,10,35.0,0
921,305,1,5,85.0,1
922,305,2,5,85.0,1
923,305,3,5,85.0,0
924,306,1,6,89.5,1
925,306,2,6,89.5,1
926,306,3,6,89.5,0
927,307,1,6,40.0,4
928,307,2,3,55.0,1
929,307,3,6,55.0,1
930,308,1,10,22.0,2
931,308,2,10,22.0,1
932,308,3,10,22.0,1
933,309,1,10,60.0,1
934,309,2,10,60.0,0
935,310,1,10,77.0,1
936,310,2,10,80.0,1
937,310,3,10,80.0,1
938,311,1,8,60.0,2
939,311,2,9,60.0,1
940,312,1,14,12.0,1
941,312,2,14,12.0,0
942,312,3,13,12.0,0
943,313,1,8,16.0,1
944,313,2,10,16.0,0
945,314,1,6,95.0,2
946,314,2,6,100.0,1
947,314,3,6,100.0,1
948,314,4,5,105.0,1
949,315,1,8,85.0,2
950,315,2,10,85.0,1
951,315,3,10,85.0,1
952,316,1,10,120.0,3
953,316,2,8,140.0,1
954,316,3,8,140.0,1
955,317,1,6,140.0,1
956,317,2,6,140.0,0
957,318,1,12,65.0,2
958,318,2,9,70.0,1
959,318,3,9,70.0,1
960,319,1,12,85.0,2
961,319,2,12,85.0,1
962,319,3,12,85.0,1
963,320,1,12,30.0,3
964,320,2,8,35.0,1
965,320,3,8,35.0,0
966,321,1,9,30.0,2
967,321,2,9,30.0,1
968,321,3,8,30.0,0
969,322,1,13,30.0,1
970,322,2,13,30.0,0
971,322,3,13,30.0,0
972,323,1,8,22.0,1
973,323,2,10,22.0,0
974,323,3,10,22.0,0
975,324,1,14,12.0,1
976,324,2,14,12.0,0
977,324,3,12,12.0,0
978,325,1,15,40.0,2
979,325,2,15,40.0,1
980,325,3,15,40.0,1
981,326,1,15,30.0,2
982,326,2,15,30.0,1
983,327,1,5,75.0,2
984,327,2,5,75.0,1
985,327,3,5,75.0,1
986,328,1,6,90.0,2
987,328,2,5,90.0,1
988,328,3,8,90.0,0
989,329,1,8,24.0,1
990,329,2,7,24.0,0
991,329,3,8,24.0,0
992,330,1,8,91.5,1
993,330,2,8,91.5,0
994,330,3,8,91.5,0
995,331,1,10,70.0,2
996,331,2,9,75.0,0
997,332,1,13,35.0,1
998,332,2,13,35.0,1
999,332,3,14,35.0,0
1000,333,1,11,16.0,1
1001,333,2,10,16.0,0
1002,334,1,9,30.0,1
1003,334,2,9,30.0,1
1004,335,1,10,35.0,0
1005,335,2,10,35.0,0
1076,364,1,6,140.0,1
1077,364,2,6,140.0,0
1078,365,1,7,110.0,2
1079,365,2,12,140.0,1
1080,366,1,13,90.0,1
1081,366,2,14,90.0,1
1082,366,3,15,90.0,0
1083,367,1,9,90.0,1
1084,367,2,9,90.0,1
1085,367,3,10,90.0,0
1086,368,1,5,85.0,1
1087,368,2,6,85.0,0
1088,368,3,7,85.0,0
1089,369,1,7,89.0,1
1090,369,2,6,89.0,0
1091,369,3,7,89.0,0
1092,370,1,6,55.0,1
1093,370,2,6,55.0,0
1094,371,1,12,22.0,1
1095,371,2,8,24.0,1
1096,371,3,9,24.0,0
1097,372,1,8,18.0,1
1098,372,2,8,18.0,0
1099,373,1,12,80.0,2
1100,373,2,8,85.0,1
1101,373,3,9,85.0,0
1102,374,1,9,60.0,1
1103,374,2,10,60.0,0
1104,375,1,12,60.0,2
1105,375,2,8,80.0,0
1106,376,1,14,12.0,1
1107,376,2,12,12.0,0
1108,376,3,14,12.0,0
1109,377,1,6,100.0,3
1110,377,2,6,105.0,2
1111,377,3,6,105.0,2
1112,377,4,6,105.0,1
1113,378,1,10,90.0,2
1114,378,2,10,90.0,1
1115,378,3,10,90.0,2
1116,379,1,6,140.0,2
1117,379,2,7,140.0,2
1118,379,3,9,140.0,1
1119,380,1,7,140.0,1
1120,380,2,7,140.0,0
1121,381,1,8,70.0,2
1122,381,2,8,70.0,1
1123,381,3,8,70.0,1
1124,382,1,15,90.0,1
1125,382,2,15,90.0,1
1126,382,3,15,90.0,1
1127,383,1,15,70.0,2
1128,383,2,16,70.0,1
1129,383,3,16,70.0,1
1154,393,1,5,85.0,0
1155,393,2,8,85.0,1
1156,393,3,7,85.0,1
1157,394,1,10,70.0,2
1158,394,2,7,77.0,1
1159,394,3,8,77.0,0
1160,395,1,7,24.0,1
1161,395,2,8,24.0,1
1162,395,3,8,24.0,0
1163,396,1,11,90.3,0
1164,396,2,11,90.3,0
1165,396,3,8,90.3,0
1166,397,1,8,73.0,1
1167,397,2,8,73.0,1
1168,398,1,13,35.0,2
1169,398,2,10,35.0,1
1170,398,3,10,35.0,0
1171,399,1,6,90.0,1
1172,399,2,6,90.0,1
1173,399,3,6,90.0,0
1174,400,1,9,30.0,1
1175,400,2,9,30.0,1
1176,401,1,9,30.0,1
1177,401,2,10,30.0,0
1198,410,1,5,85.0,2
1199,410,2,7,85.0,1
1200,410,3,6,85.0,1
1201,411,1,7,90.0,1
1202,411,2,6,90.0,2
1203,411,3,7,90.0,1
1204,412,1,6,45.0,1
1205,412,2,6,45.0,1
1206,413,1,9,24.0,2
1207,413,2,10,24.0,1
1208,413,3,10,24.0,1
1209,414,1,9,85.0,2
1210,414,2,10,85.0,1
1211,414,3,10,85.0,1
1212,415,1,8,80.0,1
1213,415,2,9,80.0,0
1214,416,1,9,60.0,1
1215,416,2,10,60.0,1
1216,417,1,12,30.0,2
1217,417,2,10,35.0,0
1218,418,1,10,35.0,2
1219,418,2,11,35.0,1
1220,418,3,11,35.0,0
1221,419,1,9,35.0,1
1222,419,2,9,35.0,1
1223,419,3,8,35.0,0
1224,420,1,9,32.0,1
1225,420,2,10,32.0,0
1226,420,3,9,35.0,0
1227,421,1,8,22.0,1
1228,421,2,10,22.0,0
1229,421,3,9,22.0,0
1230,422,1,20,9.0,2
1231,422,2,20,9.0,1
1232,422,3,15,9.0,0
1233,423,1,11,16.0,2
1234,423,2,11,16.0,1
1235,423,3,11,16.0,0
1236,424,1,15,26.0,2
1237,424,2,15,26.0,1
1286,444,1,7,85.0,1
1287,444,2,6,85.0,0
1288,444,3,6,85.0,0
1289,445,1,7,89.5,1
1290,445,2,6,89.5,1
1291,445,3,6,89.5,0
1292,446,1,5,50.0,1
1293,446,2,6,50.0,0
1294,447,1,10,24.0,1
1295,447,2,9,24.0,0
1296,447,3,9,24.0,0
1297,448,1,10,80.0,2
1298,448,2,10,90.0,1
1299,449,1,9,86.0,1
1300,449,2,9,86.0,1
1301,449,3,9,86.0,0
1302,450,1,9,60.0,1
1303,450,2,9,60.0,1
1304,451,1,13,10.0,2
1305,451,2,13,10.0,1
1306,452,1,10,35.0,1
1307,452,2,10,35.0,1
1334,463,1,8,85.0,1
1335,463,2,5,90.0,0
1336,463,3,5,90.0,0
1337,464,1,8,70.0,1
1338,464,2,10,70.0,0
1339,464,3,10,70.0,0
1340,465,1,6,90.0,1
1341,465,2,6,90.0,1
1342,465,3,6,90.0,0
1343,466,1,6,24.0,2
1344,466,2,6,24.0,0
1345,466,3,7,20.0,1
1346,467,1,10,89.5,1
1347,467,2,10,89.5,0
1348,467,3,10,89.5,0
1349,468,1,10,66.0,2
1350,468,2,10,66.0,1
1351,469,1,15,32.0,2
1352,469,2,15,41.0,1
1353,469,3,13,50.0,0
1354,470,1,12,45.0,2
1355,470,2,15,52.0,0
1356,471,1,6,35.0,0
1357,471,2,10,25.0,0
1358,472,1,8,34.0,1
1359,472,2,8,34.0,0
